<?xml version="1.0" encoding="utf-8"?><feed xmlns="http://www.w3.org/2005/Atom" ><generator uri="https://jekyllrb.com/" version="4.3.3">Jekyll</generator><link href="http://localhost:4000/feed.xml" rel="self" type="application/atom+xml" /><link href="http://localhost:4000/" rel="alternate" type="text/html" /><updated>2024-09-06T15:51:34+09:00</updated><id>http://localhost:4000/feed.xml</id><title type="html">하루 한 줄 코드</title><subtitle>공부하는 웹 개발자</subtitle><author><name>@devkhun</name></author><entry><title type="html">카프카의 주요 개념 및 용어</title><link href="http://localhost:4000/kafka_basic/%EC%B9%B4%ED%94%84%EC%B9%B4-%EA%B0%9C%EB%85%90-%EB%B0%8F-%EC%9A%A9%EC%96%B4/" rel="alternate" type="text/html" title="카프카의 주요 개념 및 용어" /><published>2024-09-05T00:00:00+09:00</published><updated>2024-09-05T00:00:00+09:00</updated><id>http://localhost:4000/kafka_basic/%EC%B9%B4%ED%94%84%EC%B9%B4-%EA%B0%9C%EB%85%90-%EB%B0%8F-%EC%9A%A9%EC%96%B4</id><content type="html" xml:base="http://localhost:4000/kafka_basic/%EC%B9%B4%ED%94%84%EC%B9%B4-%EA%B0%9C%EB%85%90-%EB%B0%8F-%EC%9A%A9%EC%96%B4/"><![CDATA[<p><img src="/assets/images/kafka/apache_kafka_logo_icon.png" alt="image" /></p>

<h1 id="주요-개념-및-용어">주요 개념 및 용어</h1>
<p><img src="/assets/images/kafka/20240905_1.png" alt="image" /></p>
<ul>
  <li><code class="language-plaintext highlighter-rouge">KafkaCluster</code>
    <ul>
      <li>카프카의 브로커(broker)들의 모임 =&gt; 확장성과 고가용성을 위해서 borker들이 클러스터로 구성</li>
      <li>보통 3개 이상으로 구성하는 것을 권장한다고 한다</li>
      <li>설정은 어떻게..? 하는거지? =&gt; 찾아보니 설정 파일로 조정하는게 아니라 실제로 추가하거나 제거하는 작업을 해야한다고 함! 어렵구먼</li>
    </ul>
  </li>
  <li><code class="language-plaintext highlighter-rouge">Broker</code>
    <ul>
      <li>각각의 카프카 서버</li>
    </ul>
  </li>
  <li><code class="language-plaintext highlighter-rouge">Zookeeper</code>
    <ul>
      <li>카프카 클러스터 정보 및 분산처리 관리 등 메타데이터 저장</li>
      <li>곧 카프카 클러스터랑 통합 예정이라는데 언제쯤..?</li>
    </ul>
  </li>
  <li><code class="language-plaintext highlighter-rouge">Producer</code>
    <ul>
      <li>메세지를 발행하여 생산하는 주체</li>
      <li>쉽게 말해 카프카에 메세지를 보내기</li>
    </ul>
  </li>
  <li><code class="language-plaintext highlighter-rouge">Consumer</code>
    <ul>
      <li>메세지를 구독하여 소비하는 주체</li>
      <li>쉽게 말해 카프카에서 메세지를 꺼내 읽기</li>
    </ul>
  </li>
</ul>

<h2 id="카프카의-상세-구조--토픽-파티션-오프셋">카프카의 상세 구조 : 토픽, 파티션, 오프셋</h2>
<p><img src="/assets/images/kafka/20240905_2.png" alt="image" /></p>
<ul>
  <li><code class="language-plaintext highlighter-rouge">Topic</code>
    <ul>
      <li>메세지를 구분하는 단위</li>
      <li>폴더와 유사하다고 생각하면 쉽다</li>
    </ul>
  </li>
  <li><code class="language-plaintext highlighter-rouge">Partition</code>
    <ul>
      <li>메세지를 저장하는 물리적인 파일</li>
      <li>폴더안에 들어있는 파일들이라고 생각하면 쉽다</li>
      <li>한개의 토픽은 한개의 파티션으로 구성되어 있음</li>
      <li>파티션은 메세지 추가만 가능함</li>
    </ul>
  </li>
  <li><code class="language-plaintext highlighter-rouge">Offset</code>
    <ul>
      <li>파티션 내 각 메세지가 저장되어있는 상대적인 위치</li>
      <li>프로듀서가 넣는 메세지는 파티션의 맨 뒤에 추가 된다 =&gt; 왜냐면 카프카는 <code class="language-plaintext highlighter-rouge">Queue</code>형태니깐</li>
      <li>컨슈머는 <code class="language-plaintext highlighter-rouge">offset</code> 기준으로 순서대로 메세지를 읽음</li>
      <li>파티션의 메시지 파일은 처리 후에도 계속 저장되어 있어 설정에 따라 일정시간 뒤 삭제됨
        <ul>
          <li>설정은 어디서..하는거지?</li>
        </ul>
      </li>
    </ul>
  </li>
  <li><code class="language-plaintext highlighter-rouge">Replication</code>
    <ul>
      <li>파티션의 복제</li>
      <li><code class="language-plaintext highlighter-rouge">Leader partition</code>과 <code class="language-plaintext highlighter-rouge">Follower partition</code>은 파티션의 데이터 복제 및 고가용성을 위해 사용</li>
      <li>ISR(In-Sync Replicas) : 리더와 동기화된 복제본들의 집합</li>
      <li>데이터의 일관성을 보장하고 장애 발생 시 데이터 손실을 최소화하는데 중요한 역할 =&gt; 가용성 보장!</li>
    </ul>
  </li>
</ul>

<h1 id="zookeeper">Zookeeper</h1>
<ul>
  <li>분산 코디네이션 서비스
    <ul>
      <li>분산 시스템에서 시스템 간의 정보공유, 상태체크, 서버들 간의 동기화를 위한 락 등을 처리해주는 서비스</li>
    </ul>
  </li>
  <li>카프카에서 주키퍼의 역할은?
    <ul>
      <li>서버의 상태를 감지하기 위해 사용됨</li>
      <li>새로운 토픽이 생성되었을 때 토픽의 생성과 소비에 대한 상태를 저장</li>
    </ul>
  </li>
</ul>

<h1 id="broker">Broker</h1>
<ul>
  <li>Message Broker
    <ul>
      <li>publisher가 생산한 메시지를 메시지 큐에 저장하고, 저장된 데이터를 consumer가 가져갈 수 있게 하는 역할</li>
      <li>보통 서로 다른 시스템 사이에서 데이터를 비동기 형태로 처리</li>
      <li>대표적인 예) RabbitMQ, RedisQueue 등</li>
    </ul>
  </li>
  <li>Event Broker
    <ul>
      <li>기본적으로 Message Broker의 기능들을 가지고 있음</li>
      <li>publisher가 생산한 이벤트를 저장하여 후에 consumer가 특정 시점부터 이벤트를 다시 소비할 수 있음</li>
      <li>장애가 일어났을 때 장애가 일어난 시점부터 재처리 가능 =&gt; 어떤 원리로 가능하지..?</li>
      <li>많은 양의 실시간 스트림 데이터를 효과적으로 처리할 수 있음</li>
      <li>대표적인 예) Kafka, 키네시스 등</li>
    </ul>
  </li>
</ul>

<h1 id="producer">Producer</h1>
<ul>
  <li>메세지를 발행하여 생산하는 주체</li>
  <li>프로듀서는 메시지 전송 시 토픽을 지정할 수 있고, 파티션 번호를 지정할 수 있음
    <ul>
      <li>파티션 번호를 지정했다면 동일한 파티션 번호에 메세지가 저장됨</li>
      <li>파티션 번호가 없다면? 라운드로빈 방식으로 적절하게 분배됨</li>
    </ul>
  </li>
</ul>

<h1 id="consumer">Consumer</h1>

<h1 id="partition">Partition</h1>
<ul>
  <li>데이터의 병렬처리 및 분산 저장을 가능하게 해 카프카의 확장성과 성능을 높일 수 있음</li>
  <li>파티션이 많으면 많을수록 더 많은 데이터를 처리할 수 있고, 더 많은 Consumer와 Producer를 지원할 수 있음
    <ul>
      <li>하지만 너무 무분별하게 늘리면 안됨! 왜냐면 파티션은 한번 늘어나면 다시 줄이기 쉽지 않기 때문</li>
      <li>그 이유는 데이터 분산 및 일관성 유지가 어렵기 때문,,,</li>
      <li>파티션을 줄이기보다는 새로운 토픽을 생성 혹은 데이터 마이그레이션 혹은 클러스터 모니터링을 통해서 파티션을 줄이는 동안 충분한 모니터링이 필요함!</li>
    </ul>
  </li>
</ul>

<h1 id="출처">출처</h1>
<ul>
  <li>https://ifuwanna.tistory.com/487</li>
  <li>https://medium.com/@0joon/10%EB%B6%84%EC%95%88%EC%97%90-%EC%95%8C%EC%95%84%EB%B3%B4%EB%8A%94-kafka-bed877e7a3bc</li>
</ul>]]></content><author><name>@devkhun</name></author><category term="kafka_basic" /><category term="kafka" /><summary type="html"><![CDATA[]]></summary></entry><entry><title type="html">카프카란 무엇일까?</title><link href="http://localhost:4000/kafka_basic/%EC%B9%B4%ED%94%84%EC%B9%B4%EB%9E%80-%EB%AC%B4%EC%97%87%EC%9D%BC%EA%B9%8C/" rel="alternate" type="text/html" title="카프카란 무엇일까?" /><published>2024-09-03T00:00:00+09:00</published><updated>2024-09-03T00:00:00+09:00</updated><id>http://localhost:4000/kafka_basic/%EC%B9%B4%ED%94%84%EC%B9%B4%EB%9E%80-%EB%AC%B4%EC%97%87%EC%9D%BC%EA%B9%8C</id><content type="html" xml:base="http://localhost:4000/kafka_basic/%EC%B9%B4%ED%94%84%EC%B9%B4%EB%9E%80-%EB%AC%B4%EC%97%87%EC%9D%BC%EA%B9%8C/"><![CDATA[<p><img src="/assets/images/kafka/apache_kafka_logo_icon.png" alt="image" /></p>

<blockquote>
  <p>실무에서 아파치카프카를 사용하여 대량의 이벤트를 처리하고 있다. <br />
대~강 대용량 데이터를 처리하기 위한 큐 정도로만 알고 있었는데 <br />
실제로 사용해보니 개념을 정확하게 알아야 카프카를 100% 활용할 수 있을거라고 생각했다.</p>
</blockquote>

<h1 id="카프카란-">카프카란 ?</h1>
<ul>
  <li>정식 명칭은 아파치카프카(Apache Kafka)</li>
  <li>분산형 스트리밍 플랫폼</li>
  <li>대량의 데이터를 안정적이고 실시간으로 처리할 수 있도록 설계</li>
  <li>한마디로 성능과 기능이 좋은 큐(Queue)</li>
</ul>

<h1 id="발행-구독-모델">발행-구독 모델</h1>
<ul>
  <li>Publisher : 발행자</li>
  <li>broker : 카프카 =&gt; KafkaCluster</li>
  <li>Consumer : 구독자</li>
  <li>데이터를 발행자가 직접 구독자에게 보내는 형태가 아니고</li>
  <li>발행자는 데이터를 구독시스템에 보내고 보낸 데이터를 저장하는 중계역할을 카프카가 하게 되고</li>
  <li>구독자는 저장된 데이터를 구독(처리)하는 형태</li>
</ul>

<h1 id="카프카의-주요-특징-및-용도">카프카의 주요 특징 및 용도</h1>
<ol>
  <li>분산 시스템</li>
  <li>확장성</li>
  <li>내결함성</li>
  <li>이벤트 브로커</li>
</ol>

<h2 id="분산-시스템">분산 시스템</h2>
<h2 id="확장성">확장성</h2>
<h2 id="내결함성">내결함성</h2>
<h2 id="이벤트-브로커">이벤트 브로커</h2>]]></content><author><name>@devkhun</name></author><category term="kafka_basic" /><category term="kafka" /><summary type="html"><![CDATA[]]></summary></entry><entry><title type="html">Git .gitignore 적용하기</title><link href="http://localhost:4000/git_basic/git-gitignore-%EC%A0%81%EC%9A%A9%ED%95%98%EA%B8%B0/" rel="alternate" type="text/html" title="Git .gitignore 적용하기" /><published>2024-09-02T00:00:00+09:00</published><updated>2024-09-02T00:00:00+09:00</updated><id>http://localhost:4000/git_basic/git-gitignore-%EC%A0%81%EC%9A%A9%ED%95%98%EA%B8%B0</id><content type="html" xml:base="http://localhost:4000/git_basic/git-gitignore-%EC%A0%81%EC%9A%A9%ED%95%98%EA%B8%B0/"><![CDATA[<h3 id="git-gitignore-적용하기">Git .gitignore 적용하기</h3>
<ul>
  <li><code class="language-plaintext highlighter-rouge">root</code> 디렉토리에 <code class="language-plaintext highlighter-rouge">.gitignore</code> 파일 생성 후 형상관리가 되면 안되는 파일들 기입</li>
</ul>

<div class="language-plaintext highlighter-rouge"><div class="highlight"><pre class="highlight"><code># git cache 삭제
$ git rm -r --cached .
$ git add .
$ git commit -m "cache clear"
</code></pre></div></div>

<ul>
  <li>또는 아래와 같이 git 추적금지를 시킬 수 있음</li>
</ul>

<div class="language-plaintext highlighter-rouge"><div class="highlight"><pre class="highlight"><code>git update-index --assume-unchanged
git update-index --no-assume-unchanged

git rm --cached filename
git rm --cached .htaccess

git rm -r --cached .
git add .htaccess
git commit -m 'clear git cache'
</code></pre></div></div>]]></content><author><name>@devkhun</name></author><category term="git_basic" /><category term="git" /><summary type="html"><![CDATA[Git .gitignore 적용하기 root 디렉토리에 .gitignore 파일 생성 후 형상관리가 되면 안되는 파일들 기입]]></summary></entry><entry><title type="html">Git remote url 확인하기</title><link href="http://localhost:4000/git_basic/git-remote-url-%ED%99%95%EC%9D%B8%ED%95%98%EA%B8%B0/" rel="alternate" type="text/html" title="Git remote url 확인하기" /><published>2024-09-02T00:00:00+09:00</published><updated>2024-09-02T00:00:00+09:00</updated><id>http://localhost:4000/git_basic/git-remote-url-%ED%99%95%EC%9D%B8%ED%95%98%EA%B8%B0</id><content type="html" xml:base="http://localhost:4000/git_basic/git-remote-url-%ED%99%95%EC%9D%B8%ED%95%98%EA%B8%B0/"><![CDATA[<h3 id="git-remote-url-확인하기">Git remote url 확인하기</h3>
<div class="language-plaintext highlighter-rouge"><div class="highlight"><pre class="highlight"><code>$ git remote -v
</code></pre></div></div>]]></content><author><name>@devkhun</name></author><category term="git_basic" /><category term="git" /><summary type="html"><![CDATA[Git remote url 확인하기 $ git remote -v]]></summary></entry><entry><title type="html">Git 연동하기</title><link href="http://localhost:4000/git_basic/git-%EC%97%B0%EB%8F%99%ED%95%98%EA%B8%B0/" rel="alternate" type="text/html" title="Git 연동하기" /><published>2024-09-02T00:00:00+09:00</published><updated>2024-09-02T00:00:00+09:00</updated><id>http://localhost:4000/git_basic/git-%EC%97%B0%EB%8F%99%ED%95%98%EA%B8%B0</id><content type="html" xml:base="http://localhost:4000/git_basic/git-%EC%97%B0%EB%8F%99%ED%95%98%EA%B8%B0/"><![CDATA[<h3 id="git-연동하기">Git 연동하기</h3>
<ul>
  <li><code class="language-plaintext highlighter-rouge">git clone</code> 받은 후</li>
  <li><code class="language-plaintext highlighter-rouge">clone</code> 받은 디렉토리 이동 후 아래 명령어 실행
    <div class="language-plaintext highlighter-rouge"><div class="highlight"><pre class="highlight"><code>$ git init
$ git add README.md
$ git commit -m "first commit"
$ git remote add origin [GIT URL]
$ git push -u origin main
</code></pre></div>    </div>
  </li>
  <li>로컬환경에 <code class="language-plaintext highlighter-rouge">git</code>이 설치되어있는 경우에 위 명령어 실행 가능</li>
</ul>]]></content><author><name>@devkhun</name></author><category term="git_basic" /><category term="git" /><summary type="html"><![CDATA[Git 연동하기 git clone 받은 후 clone 받은 디렉토리 이동 후 아래 명령어 실행 $ git init $ git add README.md $ git commit -m "first commit" $ git remote add origin [GIT URL] $ git push -u origin main 로컬환경에 git이 설치되어있는 경우에 위 명령어 실행 가능]]></summary></entry></feed>